Animal,LocusG,LocusH
1,0,1
2,1,1
3,1,1
4,1,1
5,1,1
6,1,1
7,1,1
8,1,2
9,1,2
10,0,1
11,0,2
12,1,1
13,2,0
14,0,2
15,2,1
16,2,1
17,1,2
18,2,2
19,2,1
20,2,1
21,1,1
22,1,1
23,0,0
24,1,1
25,2,2
26,0,1
27,2,2
28,1,1
29,1,1
30,0,2
31,2,0
32,2,1
33,1,2
34,1,1
35,0,1
36,1,0
37,0,1
38,1,1
39,1,2
40,1,1
41,0,1
42,2,1
43,2,1
44,0,1
45,1,0
46,1,1
47,1,2
48,0,1
49,1,1
50,2,1
51,1,2
52,2,2
53,0,0
54,1,2
55,2,2
56,2,1
57,1,0
58,1,0
59,2,1
60,1,2
61,1,2
62,1,1
63,1,2
64,1,2
65,2,0
66,2,1
67,2,1
68,1,2
69,1,0
70,1,1
71,1,2
72,0,1
73,0,2
74,1,2
75,0,2
