ID;L1_pat;L1_mat;Phenotype
46;2;1;-1.161803
47;1;1;-0.779888
48;1;2;+0.344549
49;2;1;-1.863295
50;1;1;+0.539282
51;2;2;-1.158698
52;1;1;-0.185594
53;1;1;-1.317468
54;1;1;-0.690634
55;1;2;+1.150885
56;1;1;-0.787681
57;2;1;+0.691541
58;1;1;+0.759930
59;1;1;+1.463435
60;2;2;-1.430786
61;1;1;-1.751483
62;2;1;+0.402155
63;1;1;-2.181575
64;1;2;-0.972502
65;1;1;-0.443648
66;2;1;-1.043554
67;1;1;+1.557282
68;2;1;+0.701852
69;1;2;+1.082825
70;2;2;+0.459024
71;2;1;-0.377968
72;2;1;-1.010427
73;1;1;+0.647804
74;1;1;-0.141073
75;2;2;-0.297702
76;1;1;+0.830122
77;1;2;+1.121255
78;2;1;-0.563873
79;1;2;+1.710413
80;2;2;+0.363373
81;1;2;+1.254923
82;2;1;+2.102722
83;1;1;-0.541782
84;1;2;-0.464709
85;1;1;-1.679457
86;2;1;+0.312179
87;2;1;+1.025301
88;1;2;+1.218205
89;2;2;+0.254258
90;1;2;+0.143684
91;1;1;+1.396360
92;1;1;+0.388206
93;1;1;+0.796477
94;1;2;-0.520395
95;2;2;+1.377484
96;1;2;-1.080133
97;2;2;-1.949009
98;1;1;+1.706017
99;2;1;+1.216542
100;2;2;+1.603381
101;1;2;-0.359274
102;2;1;+0.671379
103;1;2;+0.051125
104;2;2;-1.321476
105;1;1;+0.324038
106;2;1;+0.513602
107;1;2;+0.637489
108;2;2;+1.224411
109;1;2;-0.373940
110;1;1;+0.672676
111;1;1;-0.459104
112;2;2;-0.354754
113;1;1;-0.445854
114;1;2;+0.530678
115;2;1;+1.317090
116;2;1;+1.435978
117;1;1;-0.944129
118;1;2;+0.500779
119;2;1;+1.893936
120;2;1;-0.767432
121;1;1;-0.206578
122;1;1;-0.609236
123;2;2;-0.293365
124;1;1;+0.041262
125;2;1;-1.046838
126;1;2;-0.015552
127;2;1;-0.777648
128;1;2;+0.450957
129;1;1;-1.230834
130;2;2;+1.176541
131;1;1;-0.511465
132;1;1;+1.576451
133;1;1;-0.056576
134;1;2;-0.444994
135;1;1;-0.324455
136;2;1;-0.944540
137;1;1;-1.900565
138;1;1;-1.747403
139;1;2;+0.576476
140;1;1;+0.445018
141;2;1;+0.959575
142;2;2;+1.045061
143;1;2;-0.528635
144;2;2;+1.819908
145;2;2;+0.010828
146;2;1;+1.246885
147;1;1;-0.119365
148;2;1;+0.073919
149;1;1;+3.674720
150;2;2;-0.510471
151;2;1;+0.474717
152;1;1;-0.925660
153;1;1;-0.991677
154;1;2;+0.291543
155;2;1;-0.335644
156;2;2;+1.199149
157;2;2;-1.034012
158;1;2;-1.430510
159;2;1;-0.421214
160;1;1;+0.613939
161;1;1;+0.912778
162;1;2;-0.023938
163;2;2;-0.171784
164;2;2;+0.010194
165;2;2;+0.396453
166;2;1;+0.495886
167;2;2;-1.333842
168;1;1;-1.347866
169;1;1;+2.449682
170;1;2;-0.135524
171;1;2;-0.303783
172;2;1;-0.569675
173;1;1;+1.538225
174;1;2;-0.664683
175;1;2;-1.023612
176;1;1;-0.317807
177;1;2;+0.700154
178;2;1;+0.489354
179;2;1;-0.295159
180;1;1;-2.172199
181;1;1;-0.656295
182;1;1;+0.338118
183;2;1;-2.715959
184;2;1;+0.715197
185;2;1;+0.884938
186;1;1;+0.460518
187;2;1;-0.789480
188;1;2;+0.580372
189;2;2;-0.826981
190;1;1;-0.830256
191;2;1;+0.305820
192;1;2;+0.717943
193;1;1;-0.391073
194;1;1;+0.578370
195;1;2;-0.205002
196;1;1;+0.814532
197;1;2;-0.256221
198;1;1;+1.425328
199;2;1;-1.884174
200;1;2;+1.052028
201;2;1;-2.408644
202;2;2;-1.347922
203;1;1;+1.029607
204;1;1;+1.082955
205;2;1;-0.361375
206;1;1;+0.404349
207;2;2;-0.254525
208;1;1;-1.319335
209;2;1;-0.475778
210;2;1;-0.102271
211;2;1;-0.802774
212;2;1;-0.945803
213;1;1;+0.869747
214;1;1;-1.245491
215;1;2;-1.496149
216;1;1;-0.329166
217;1;2;-0.823306
218;1;2;+0.288915
219;1;1;+0.765270
220;1;1;-0.245605
221;2;2;+1.274915
222;1;1;+0.375912
223;1;1;-1.553006
224;2;1;-2.117511
225;1;1;-0.933197
226;1;2;-0.206466
227;2;1;-1.628029
228;1;1;+0.220168
229;1;1;+1.283323
230;2;1;+0.740414
231;1;1;+1.463958
232;2;1;-0.495476
233;2;1;-1.710220
234;2;1;+1.059399
235;1;1;+0.028709
236;2;1;+0.339938
237;1;1;+0.232598
238;1;2;-1.281973
239;1;1;-0.064823
240;1;2;+0.814006
241;1;1;-0.127398
242;1;2;-1.074349
243;1;2;+1.039552
244;2;1;-0.309942
245;1;2;-0.981813
246;1;1;+1.033147
247;1;2;-1.484128
248;1;1;+0.120121
249;1;1;+0.457634
250;2;1;-0.708409
251;2;1;-0.685693
252;2;1;+1.044050
253;1;2;-0.425682
254;1;2;+0.071370
255;1;1;-0.124012
256;1;1;-1.094484
257;1;1;-0.651622
258;2;1;+0.370425
259;2;2;-0.966518
260;1;2;-0.788617
261;1;1;+2.988945
262;2;2;+1.170534
263;2;2;+0.188362
264;2;1;-1.449640
265;1;1;-0.638150
266;2;1;-0.739633
267;1;1;+0.146701
268;1;2;+1.054390
269;2;2;-1.329029
270;1;2;-0.820644
271;2;1;-1.165791
272;1;1;+1.230370
273;1;1;+0.752405
274;1;1;+1.710339
275;2;1;-0.853603
276;1;2;-1.260114
277;1;2;+0.637717
278;1;1;-0.962448
279;1;1;-1.163593
280;2;2;+0.280280
281;2;1;+1.185653
282;1;1;+1.311382
283;2;2;-0.711017
284;1;1;+0.960776
285;1;1;-0.019059
286;1;2;-1.661373
287;1;2;+0.137891
288;1;2;-1.070155
289;2;1;+1.331976
290;1;2;+1.067868
291;2;2;+0.574061
292;1;1;-0.488705
293;2;2;+0.604259
294;2;2;-1.368633
295;2;2;-0.632576
296;2;1;+0.645917
297;2;1;+0.908058
298;1;2;-0.843642
299;1;1;+0.098952
300;1;2;-0.472882
301;1;1;+1.360862
302;1;1;-1.306808
303;2;1;+0.022820
304;1;1;-0.288745
305;2;1;-0.303425
306;1;1;+0.371130
307;2;2;+0.332538
308;1;1;+1.400709
309;1;2;+0.013753
310;1;2;-0.357869
311;1;1;-0.432112
312;1;1;+0.205754
313;1;2;+0.948144
314;1;1;-0.436643
315;1;1;+0.028700
316;1;2;-0.129428
317;1;2;-2.736026
318;2;1;+0.215141
319;1;2;-0.733220
320;1;2;-0.856300
321;1;2;-0.330323
322;1;2;-2.333811
323;1;1;+0.014758
324;2;1;-1.962590
325;1;1;-1.241320
326;2;2;-1.099752
327;1;2;+0.093192
328;1;1;+1.025082
329;2;2;+0.450979
330;2;2;-0.003932
331;2;1;-0.985683
332;1;2;-0.022000
333;1;1;-2.048691
334;2;1;+1.107199
335;1;1;-0.478543
336;1;2;-0.816147
337;1;1;-0.215023
338;1;1;+1.456721
339;1;1;+0.759847
340;2;2;+0.032007
341;2;1;+0.830989
342;1;1;-1.094476
343;2;1;-0.359241
344;2;2;+0.164750
345;2;2;-1.546488
346;2;2;-0.157539
347;2;2;-0.226400
348;1;2;+0.938570
349;1;1;-1.351965
350;2;2;-2.660508
351;2;2;-0.846268
352;2;1;+0.240769
353;1;2;+0.810844
354;2;1;+0.770867
355;2;2;-0.006706
356;2;2;-0.533467
357;2;1;+1.032986
358;2;1;+0.031724
359;1;2;-0.872159
360;1;1;-2.453004
361;2;1;+0.053860
362;1;1;+1.667297
363;2;1;+0.594474
364;1;1;-2.067178
365;1;1;-0.033136
366;1;1;+1.125408
367;2;2;-0.326945
368;1;2;+1.522762
369;2;2;+0.395841
370;2;1;+1.313241
371;2;2;-0.733249
372;1;1;+0.461047
373;1;1;-1.319670
374;1;1;-1.253744
375;1;1;-0.508781
376;1;1;+0.652907
377;1;1;-1.385849
378;1;2;-0.755868
379;2;1;+0.217757
380;2;1;+1.305373
381;1;2;+0.233787
382;1;2;+1.408850
383;1;1;+1.390577
384;2;1;-0.826853
385;1;2;+0.217572
386;1;2;+0.428434
387;2;1;-0.905665
388;2;2;-0.983740
389;2;1;+0.478636
390;1;1;+1.180897
391;1;2;+0.021370
392;2;1;-0.949065
393;2;2;+0.558128
394;1;1;+0.872667
395;1;2;+0.712594
396;1;1;-1.097728
397;1;1;-1.679268
398;1;2;-0.842886
399;1;2;-0.383089
400;1;1;-0.003626
401;1;2;+1.026812
402;1;1;+0.629354
403;1;2;-0.335904
404;2;1;-1.301755
405;2;1;+0.305160
406;1;1;-1.088424
407;2;2;+0.480329
408;1;1;+0.638200
409;2;2;+2.029054
410;1;1;-0.653933
411;1;1;+0.616503
412;1;2;+0.603695
413;1;1;+0.984646
414;2;2;+0.295916
415;2;1;-0.287436
416;1;2;-0.092054
417;1;2;+2.334695
418;1;2;+0.672226
419;1;2;-0.390931
420;1;2;-1.292196
421;1;1;+0.727551
422;2;2;+0.912976
423;1;1;+0.318017
424;1;1;+0.426369
425;1;1;-1.627489
426;2;2;-0.550933
427;1;1;+1.317291
428;2;2;-1.932257
429;1;1;+0.656890
430;1;1;+0.176342
431;1;1;-0.789670
432;1;2;-0.627379
433;2;2;+0.876212
434;1;2;+1.412763
435;2;2;-0.101567
436;2;1;-1.416862
437;1;1;+0.605380
438;1;2;+0.013209
439;1;2;+0.471546
440;2;1;-1.154165
441;1;2;-0.672534
442;2;1;+0.223815
443;1;1;-1.055042
444;1;2;+1.006403
445;2;2;+0.625016
446;1;1;+1.162435
447;2;2;+1.179080
448;2;2;+1.072883
449;2;2;+1.592369
450;2;2;+1.016557
451;1;1;+1.424172
452;1;1;+1.207628
453;1;1;-0.862766
454;1;2;+0.305789
455;1;2;+1.626110
456;1;1;-0.409753
457;1;1;-0.969860
458;1;1;-0.725271
459;2;1;+1.871156
460;2;2;-0.762027
461;1;1;-0.762806
462;1;1;+1.282423
463;1;1;+0.862684
464;1;1;-1.080753
465;1;2;+0.697772
466;1;2;+0.076456
467;2;2;-0.083154
468;2;1;+0.844538
469;1;2;+1.383620
470;1;1;-0.067176
471;1;2;-1.576656
472;1;1;+0.574822
473;2;1;-1.267151
474;1;1;-0.610937
475;1;1;-1.883776
476;2;1;+1.183497
477;1;1;+0.287286
478;2;1;-1.205215
479;2;1;+0.379164
480;2;1;-0.196705
481;1;1;-0.376976
482;1;1;-0.320057
483;2;2;+0.197208
484;1;2;-0.385285
485;1;1;-0.061459
486;2;1;+1.034928
487;1;1;+0.709301
488;2;1;-1.721653
489;1;2;+0.054409
490;1;2;-0.898389
491;1;1;+2.103296
492;1;1;-0.153491
493;1;1;+0.212810
494;1;2;+0.104596
495;2;1;-0.682914
498;1;2;+1.916430
499;2;2;-1.152887
501;1;1;-2.209424
503;2;1;-0.257589
504;1;1;-1.367870
507;2;2;+1.521651
508;2;1;+0.582201
511;2;1;+3.365046
513;2;1;+1.099772
514;2;1;+0.800044
517;1;1;+0.418213
521;1;2;-0.464771
524;1;2;+0.415931
525;1;1;-0.125241
528;1;1;+1.847775
531;2;1;-0.215265
537;2;1;-2.143777
538;2;1;-0.442222
542;2;1;-1.892360
545;2;1;+0.255585
546;2;2;-1.554828
547;1;1;+0.485446
548;1;1;-0.403341
550;2;2;+0.238156
551;2;2;-0.263862
552;1;2;+0.376336
553;1;2;-0.453022
558;1;1;-1.653476
559;1;2;+0.438091
560;1;2;-0.370057
561;1;2;+1.329977
562;1;2;+0.409585
563;1;1;+1.542731
564;1;2;-0.273790
565;1;2;-0.677056
566;2;1;-1.512216
567;1;2;-0.782407
570;2;1;-0.742870
571;1;1;+1.104731
573;2;1;-1.002114
575;1;1;-1.433027
579;1;1;+0.851253
580;1;1;-2.029554
582;1;1;-1.648519
583;1;1;-1.197017
584;1;1;+0.070315
585;1;2;+0.220822
587;1;2;-0.588576
589;1;2;-0.398647
591;1;2;-0.010395
592;1;2;+1.467445
594;1;2;+0.873558
595;1;2;-0.995166
598;1;1;+1.307848
599;2;1;+0.341671
600;1;2;-1.212949
602;2;1;-0.826155
605;1;1;-0.889819
606;1;1;+1.023638
607;1;2;-0.550777
609;1;1;-1.573779
616;1;2;+1.661910
617;1;1;+1.400486
619;2;1;+0.346796
620;2;1;-1.658418
621;1;2;+0.978913
622;1;2;+1.491469
631;1;2;+0.549225
633;1;2;+0.547636
635;2;1;-0.218388
636;2;1;-1.303580
637;2;1;-0.368457
638;2;1;-0.594789
641;2;2;-1.036297
643;2;1;+0.056232
645;2;1;+0.427184
648;1;1;+0.807891
654;1;1;+0.125646
655;1;1;+1.251511
656;2;2;+2.245126
658;2;1;+0.109221
660;2;2;-0.436454
661;2;2;+0.285926
662;2;1;-0.359413
663;2;1;+0.178647
667;1;2;-0.536408
668;2;2;+0.567071
669;2;1;+0.259968
671;1;2;-0.151406
672;1;1;-0.020589
674;1;2;-1.582042
675;2;1;+0.105122
676;2;2;+0.380415
679;1;1;+1.416346
680;2;2;-0.186613
683;1;1;-1.775559
687;1;2;-2.226945
689;1;1;-1.520289
694;2;1;+0.587654
695;2;1;+0.244058
696;2;1;-0.452528
697;2;2;+0.222301
699;2;2;+1.039519
700;1;2;-0.185239
701;2;1;+0.848886
702;1;2;-0.215493
706;2;1;+0.328914
709;2;1;+1.066301
720;2;2;+0.429188
723;2;1;-1.383229
728;1;2;-0.043547
730;1;1;-0.702517
731;2;2;-0.521723
732;1;1;+0.819147
736;1;1;+0.089171
737;1;1;-1.660746
740;1;2;-0.118380
744;2;1;-0.881910
745;2;1;+0.616768
746;2;2;-1.338506
747;2;2;-0.677156
748;2;2;-1.266049
751;2;1;-0.893256
753;2;1;-0.661064
755;1;1;-0.145592
756;1;2;-0.388684
758;1;2;-0.414018
759;2;2;-0.803848
760;2;2;-1.054088
763;2;2;+0.681326
767;1;1;+1.772679
768;1;1;-1.652663
770;2;1;+1.018922
773;2;1;-0.364553
778;1;1;-0.796873
779;1;1;-0.391996
780;2;2;-0.528841
782;2;2;+0.376347
786;2;1;+0.359630
788;2;1;+0.995602
789;2;1;-1.174540
793;1;2;+0.281631
794;2;1;+0.821606
796;1;2;+1.137547
797;1;2;+1.477039
802;2;2;-0.697940
804;2;1;+0.247849
805;2;2;-0.980490
806;1;1;-0.650728
811;1;2;-1.624406
812;1;1;-1.062254
816;1;1;-0.154873
817;2;1;+0.184225
821;1;2;-1.541799
824;2;1;-1.813803
825;2;1;-1.581171
826;2;1;+0.979392
827;2;1;+0.408033
829;1;2;-0.251504
831;1;2;-1.010793
833;2;1;-0.947071
836;2;2;+1.081110
839;1;2;-0.114371
840;2;2;+2.336779
841;1;1;-0.640107
844;2;1;+0.787580
846;2;1;+0.276557
847;2;1;-1.035262
850;2;2;-1.451611
852;2;2;+0.403415
853;2;1;+1.058143
854;2;1;-0.243466
855;2;1;-1.418732
856;1;2;+0.293808
858;1;1;-0.791374
859;1;1;-1.171806
860;1;1;-0.519798
861;1;1;+0.131504
864;1;2;+0.514467
866;1;2;+0.532686
867;1;1;-1.480422
870;1;2;-0.468244
872;2;1;-1.524248
873;1;1;-0.257576
875;1;1;-1.484544
880;2;1;+0.814847
883;2;1;-0.667653
884;1;2;+2.565388
886;2;2;-0.757606
887;2;2;+0.401907
889;1;1;-0.612804
893;1;1;+0.729017
895;2;2;-0.422372
896;2;2;+0.212239
897;2;1;+1.700228
898;2;1;+0.543795
899;2;2;+0.663002
900;2;2;+0.734815
901;2;2;+0.986277
902;2;1;+1.666219
904;2;1;+0.602981
905;2;1;-0.583267
906;2;1;-0.947621
907;1;1;+0.862054
908;2;1;-1.479637
909;2;1;+0.663962
910;1;1;+1.269529
916;1;1;+0.315701
917;2;1;+0.034624
918;2;1;+0.691470
924;2;1;+1.233339
925;2;1;+0.334795
926;2;1;-0.220604
927;2;1;+0.299286
929;2;1;-2.423776
935;2;2;-2.373757
938;1;1;-1.023318
940;1;1;-0.712603
944;1;2;+0.035704
945;1;2;-1.290512
946;1;1;-1.994213
947;1;1;-0.987702
949;1;1;-1.051354
954;1;1;-0.767700
955;1;2;+0.621340
957;1;1;-0.091567
961;2;2;-0.774486
964;1;2;-0.192767
965;1;2;-0.299392
966;1;2;+0.708061
969;1;1;-1.169846
971;2;1;-1.683437
972;2;1;-0.178754
974;2;1;-0.171235
977;1;1;-1.034355
979;1;2;-0.659213
981;2;1;-1.766032
982;2;1;-0.566024
986;2;2;-1.323856
987;2;1;-0.019697
988;2;1;-2.500128
992;2;1;-0.845082
995;1;2;-0.800059
997;1;1;+0.465531
998;1;1;+0.630686
999;2;1;-1.249989
1004;1;1;+0.622512
1005;1;1;-0.066915
1006;1;1;-0.580028
1007;2;1;-0.264467
1008;2;2;+1.312477
1009;2;1;+1.408741
1010;2;1;-0.055405
1011;2;2;+0.839599
1012;1;2;-0.046251
1013;1;1;+0.816192
1014;2;1;+1.766386
1016;1;2;-1.098208
1017;1;1;-1.350877
1019;1;1;+0.567823
1020;1;1;-0.042392
1021;2;2;+1.647737
1025;2;1;-1.805834
1026;2;1;-0.906404
1027;1;1;-0.487934
1033;1;2;-0.193306
1034;1;2;+1.138909
1039;1;1;-1.586636
1040;2;2;-0.361531
1041;2;2;+1.212055
1043;1;1;+0.729536
1045;2;1;-0.646906
1046;2;1;-0.279576
1049;2;1;+0.964715
1051;1;2;+1.519355
1055;1;1;-1.808754
1057;1;2;-0.683256
1058;1;2;+0.488486
1060;2;1;-1.445834
1061;2;2;-0.480797
1063;1;1;+0.014025
1065;1;1;+0.458647
1066;2;1;+0.120309
1067;1;2;-0.524451
1068;2;1;-1.705465
1072;2;1;+0.246963
1075;1;2;-1.795614
1076;1;1;-1.887661
1080;1;1;-0.089317
1086;1;2;-0.894893
1090;2;1;-0.605818
1091;2;1;+0.685254
1095;2;1;+0.625335
1097;1;2;+1.161016
1103;1;1;+0.822765
1107;1;2;-0.617697
1108;2;2;-1.240977
1110;1;1;-0.931717
1111;1;2;+0.125956
1112;2;2;+0.623896
1115;1;2;+1.137303
1116;1;2;+0.886561
1121;1;1;-0.976959
1122;1;2;+0.151178
1124;1;1;+0.377488
1125;1;1;+0.705739
1130;2;2;+0.076142
1132;1;1;+1.384173
1134;1;1;+0.758652
1135;1;1;+0.777068
1136;2;1;-1.142182
1140;1;1;-0.820616
1141;1;1;+2.452028
1143;1;1;+0.589103
1146;2;2;-0.311362
1147;2;2;-1.483613
1149;1;2;+0.621780
1150;1;1;+0.498130
1151;2;1;+0.297295
1154;2;1;-0.986484
1156;2;1;-1.014722
1157;1;1;+0.254781
1158;2;2;+0.531095
1163;1;2;+0.473262
1164;2;2;+1.458430
1165;2;1;-0.286030
1166;2;2;+0.908230
1167;1;2;-1.491995
1170;2;1;-0.226522
1179;2;1;+0.214250
1180;2;1;-0.430028
1182;2;1;+0.701664
1183;1;2;+0.009835
1185;1;1;+1.071248
1188;1;2;+0.668899
1189;1;2;+0.390003
1193;1;1;-0.560412
1194;2;1;+1.509896
1195;2;1;+0.143500
1196;1;1;+0.594672
1197;2;2;+1.492881
1198;1;1;+2.185451
1200;2;2;-0.999585
1201;2;2;-0.774590
1203;1;1;+0.115729
1204;1;2;-1.137640
1208;2;1;-0.838144
1209;2;1;-0.633308
1211;2;1;-0.920957
1213;1;1;+0.552574
1216;1;1;+0.351109
1221;2;2;+1.326990
1226;2;1;+0.383410
1229;1;2;+0.113906
1233;1;2;-0.454146
1235;1;1;-0.732104
1241;1;2;-0.538439
1242;2;1;+0.487897
1246;2;1;+0.093143
1250;1;2;-0.596592
1251;1;2;-0.907892
1253;2;1;+0.400434
1257;1;1;+0.207462
1258;1;1;-1.217579
1264;2;1;+0.278558
1266;1;2;-0.776678
1267;1;1;-0.085593
1274;2;1;+0.782331
1276;2;2;-1.342194
1277;1;2;-1.148036
1279;2;2;-0.006024
1280;2;1;-1.094206
1283;2;1;-0.256179
1286;2;1;+2.864718
1288;2;2;+0.797637
1289;1;1;+1.687247
1296;2;1;-0.738130
1298;2;2;-0.250602
1301;2;1;-0.506451
1302;1;1;+0.454464
1303;1;1;+1.448612
1305;1;2;+1.056609
1310;1;2;+0.312015
1312;1;2;+1.808357
1313;2;1;+0.798937
1314;1;2;-1.157408
1318;1;2;-0.389813
1319;2;1;+1.718719
1323;1;2;-0.577402
1324;2;2;-1.484235
1325;2;1;+0.139581
1326;2;1;-0.032888
1327;2;1;-0.288884
1330;1;1;+1.220812
1335;2;1;+0.056462
1336;1;1;+1.304511
1337;1;2;-0.059689
1338;2;1;+0.888689
1339;2;2;-0.233920
1346;1;1;+1.767190
1349;1;2;-1.611150
1354;1;1;+1.144326
1357;1;2;+1.331039
1358;1;1;-0.044752
1359;1;1;-0.047438
1360;1;1;+1.162329
1366;2;2;+2.021660
1367;2;1;-1.254670
1370;2;1;+0.546356
1371;2;2;+1.808639
1373;2;1;+0.299616
1374;2;1;+0.325870
1376;1;1;+0.042227
1378;2;1;+1.826681
1379;2;1;+1.018362
1380;1;1;+0.453994
1384;1;2;-1.111213
1385;1;1;+0.618041
1386;2;2;-0.442987
1390;2;1;+1.468392
1391;2;2;+0.935123
1392;1;2;-1.803856
1393;2;2;-0.241374
1394;1;1;-0.764939
1396;1;2;+0.452150
1401;2;1;+1.652266
1404;1;1;+1.574654
1407;1;2;-0.707555
1409;2;1;+1.890302
1410;2;1;+0.010730
1411;2;1;+0.776947
1415;2;1;+0.324554
1416;1;1;-0.057090
1418;1;2;-0.746909
1420;2;2;+0.517720
1422;1;2;-0.165836
1423;2;1;-0.570789
1426;2;2;-0.055206
1427;1;2;+1.684469
1428;2;1;+0.490526
1429;1;2;+0.659714
1430;2;2;+0.381790
1432;1;1;-0.502194
1433;1;2;-1.154905
1434;2;2;+0.342708
1435;2;1;+1.427706
1439;2;1;-0.236712
1440;1;2;+0.909203
1442;1;2;-0.563822
1444;1;2;-0.147707
1446;2;1;-0.679637
1447;2;2;-1.345591
1448;1;1;+1.500886
1449;1;2;-1.427362
1450;1;1;-0.255009
1451;1;1;-0.347079
1452;1;1;-0.492163
1455;1;2;-0.861609
1456;1;2;-0.271603
1458;2;1;+0.598454
1462;1;1;-1.787900
1463;1;2;+2.111439
1464;2;2;-0.116734
1465;2;1;+0.738705
1469;2;2;+1.788835
1471;2;1;-0.615862
1472;2;2;+0.797830
1473;1;1;+1.322018
1475;1;2;+0.214721
1476;1;1;+0.339915
1477;2;1;+0.787438
1480;2;2;-2.255008
1482;2;1;+0.666657
1483;2;2;+1.516262
1484;1;1;+0.535885
1485;2;1;+1.144621
1489;1;1;-1.999838
1494;1;2;-0.782763
1497;2;1;-2.305179
1499;2;2;-0.753632
1501;1;1;-0.248024
1503;2;2;+1.033714
1505;1;1;-1.374821
1510;2;1;+0.265677
1511;1;2;-0.238479
1515;2;2;+0.188292
1516;1;1;+0.692474
1520;2;1;+0.741476
1523;2;2;-0.624784
1526;2;1;-0.864953
1528;1;1;-0.456415
1529;2;1;-0.208189
1531;2;2;-0.172790
1533;1;1;+0.010914
1538;2;1;+1.210763
1539;2;2;+1.673076
1541;2;1;-0.428732
1543;2;1;+0.199948
1544;2;1;+1.251273
1545;1;1;-0.483049
1546;2;1;+1.590972
1548;1;2;-0.400740
1550;2;2;-0.198307
1551;1;1;+0.042918
1552;2;1;+0.932825
1554;1;1;-0.025166
1555;2;1;-1.848733
1560;2;2;+0.444523
1561;2;1;+0.871500
1562;2;1;+1.603998
1567;1;1;+1.610472
1569;2;1;-0.881655
1573;2;1;+1.847988
1574;2;1;-0.419259
1576;2;2;+0.070324
1577;1;2;+0.405542
1578;1;2;-0.612745
1581;2;1;-0.157887
1583;1;2;+1.540854
1585;2;2;+0.336213
1591;1;1;-0.559262
1594;1;1;+0.111964
1595;2;1;-2.549052
1596;2;1;+0.515426
1597;1;2;+0.892674
1598;2;2;-1.032227
1599;1;2;+1.149686
1604;2;1;+0.147846
1609;1;1;+0.358311
1610;1;2;-0.702998
1611;2;2;-0.762431
1612;2;1;+1.368525
1616;2;2;+0.717532
1619;2;1;+0.907712
1620;2;1;+1.567558
1621;1;2;-1.073951
1624;2;2;-0.753791
1625;2;2;-0.075766
1626;2;1;+0.835888
1627;1;2;+0.580853
1629;2;1;+0.389938
1630;2;1;-0.308748
1631;2;1;+0.037063
1634;2;2;-0.100949
1636;1;2;-0.470650
1638;1;1;-0.675415
1643;2;1;+1.329718
1644;2;1;-1.172037
1646;1;1;+1.663209
1647;1;1;+0.090434
1648;1;2;+0.993739
1650;2;2;-0.284647
1651;2;1;+1.933786
1653;2;2;-0.324286
1654;2;2;+0.807615
1655;2;1;+0.991457
1658;2;2;-0.162280
1661;2;2;-0.912679
1662;1;1;+0.067539
1663;2;2;-0.260255
1664;2;1;+0.533849
1665;1;1;-0.307296
1667;1;1;-0.558010
1668;2;1;+0.835511
1669;1;1;-0.615436
1671;2;2;-0.091021
1675;2;2;+0.014929
1678;2;1;+0.062234
1679;2;2;+0.346045
1680;1;1;+1.682726
1682;2;1;-0.513950
1684;2;2;-1.127817
1685;2;1;+0.869371
1687;2;1;+0.189473
1689;1;1;+0.221893
1690;2;2;+0.841074
1691;1;1;+1.641964
1693;1;1;-0.273619
1696;1;1;+0.747902
1697;2;2;+0.677606
1698;1;1;+0.039358
1699;2;1;+0.761635
1700;2;1;+0.185295
1702;1;2;+0.209889
1703;1;1;+0.199982
1707;2;2;-0.353154
1709;1;1;-0.285228
1710;2;1;-0.826774
1711;1;1;-0.316647
1712;2;1;+0.973116
1713;2;1;-0.232669
1714;2;1;+0.825975
1716;2;1;+0.385897
1717;1;2;-0.154768
1718;2;1;-0.953257
1720;2;2;+0.351045
1721;2;1;+0.278519
1724;1;1;+1.497013
1725;2;1;+0.396821
1726;1;1;-0.150759
1727;2;1;-1.094839
1729;2;1;+0.366377
1730;2;1;-0.130155
1733;2;1;+1.372430
1735;1;2;-1.238802
1737;1;2;+0.483454
1740;1;1;-0.351082
1741;1;2;-0.900973
1744;1;2;+0.265229
1745;2;1;+0.524283
1746;1;1;-0.117364
1748;1;1;+0.465835
1749;1;1;-0.766881
1750;2;1;-0.500639
1756;1;2;-0.845252
1757;2;2;+0.147721
1759;2;2;+0.243055
1760;1;2;+1.853973
1761;1;1;+3.504372
1762;1;1;-0.046295
1763;2;1;-0.390686
1765;1;2;+1.000980
1766;2;1;+0.104932
1769;2;1;+1.984699
1774;2;2;+1.137110
1775;1;2;+1.441057
1777;2;1;+1.564348
1778;1;1;+1.071189
1781;1;2;+0.377453
1784;2;1;-1.198689
1786;1;2;+0.849336
1791;1;1;+0.425949
1793;1;1;+1.790054
1797;2;2;-0.418812
1798;1;2;+0.077723
1802;1;2;-0.645540
1804;1;1;+0.791024
1809;1;1;-0.251377
1810;2;1;+1.881842
1813;1;1;-0.188095
1814;1;1;-0.469786
1816;1;2;+1.103171
1817;1;1;+0.988549
1818;2;2;+2.623781
1824;2;1;+0.983675
1825;2;1;-0.853760
1826;2;1;-0.148272
1828;2;2;+1.751868
1829;2;2;+0.009514
1830;1;2;-0.649176
1835;1;1;+1.516511
1839;1;2;+0.163465
1840;1;2;-0.207299
1845;1;1;+0.403539
1848;2;2;+1.362574
1850;1;1;+1.045669
1851;2;2;-0.570092
1855;1;2;-0.790890
1861;2;2;+0.109580
1863;1;2;+0.348959
1866;2;2;+1.638874
1867;1;1;+0.183122
1868;1;2;+1.433919
1869;1;2;+0.000462
1870;1;2;-1.472399
1871;2;2;+2.113790
1873;1;2;+1.859608
1875;1;1;+0.684384
1876;1;1;-1.002325
1877;2;2;+1.250042
1879;2;1;-0.136412
1881;2;1;-0.149980
1882;2;1;+0.210260
1883;1;1;+2.005820
1886;1;1;+0.683989
1887;2;2;-0.366548
1891;2;1;-1.342603
1897;1;1;-1.584333
1901;2;2;+1.390039
1902;1;2;+1.076389
1903;2;2;-1.047101
1904;1;2;-0.784423
1906;2;2;+1.072000
1909;1;2;+0.768886
1910;1;1;+0.817472
1911;1;1;-0.118058
1914;2;1;+1.891912
1919;1;2;+1.642271
1921;2;1;-0.116739
1925;2;2;+0.836139
1926;2;1;-0.466488
1927;1;1;+1.076546
1930;2;1;+0.537104
1931;1;2;-1.512010
1932;2;1;+0.997672
1934;2;1;+1.509417
1936;2;1;+1.056003
1939;1;1;+0.228829
1940;1;1;+0.773698
1941;2;2;-1.120021
1942;1;2;-0.142416
1943;1;1;-0.658498
1946;2;2;-0.074414
1949;2;2;+0.322434
1950;2;2;+0.375239
1951;2;2;+0.398759
1953;1;2;+1.962939
1956;2;2;-0.077406
1957;2;1;+0.080413
1959;1;1;+0.767153
1960;2;1;-0.156862
1961;2;2;+0.167499
1962;2;1;-0.118435
1963;2;2;+0.380166
1964;1;1;+0.871019
1966;1;2;-0.877110
1967;2;2;+0.914960
1968;2;1;-0.761895
1970;1;1;+0.097943
1971;2;2;+0.350155
1972;1;2;+0.048772
1974;2;2;-0.252621
1976;2;1;+0.984110
1977;2;1;+1.024154
1979;1;1;+0.811368
1980;2;1;-0.435729
1982;2;1;-0.240869
1983;1;1;-1.623822
1984;2;2;+0.146577
1986;1;1;-1.644961
1988;1;1;-0.142563
1989;2;2;-1.719364
1990;2;2;+0.843634
1993;2;1;+1.455201
1994;2;2;-1.221626
1995;1;1;-0.243308
1999;1;1;-0.172975
2001;1;2;-1.355146
2002;2;1;+0.449461
2006;1;1;-0.001883
2007;1;1;+1.311526
2013;2;2;+0.958011
2014;2;1;+0.970393
2015;2;2;-0.612906
2016;2;1;-1.254467
2019;1;1;+0.012772
2020;2;2;-0.248143
2021;2;1;-0.091241
2025;1;1;+1.346186
2026;1;1;-0.325364
2027;1;2;-0.663113
2028;1;1;+0.271602
2029;1;1;+0.843272
2030;1;2;-1.775288
2033;2;1;-0.392249
2035;1;1;-0.242928
2036;1;1;+0.991147
2040;1;2;+1.635361
2042;2;2;-1.148985
2045;1;1;-0.016357
2048;2;2;-0.136110
2052;2;1;+1.079021
2057;1;2;-1.119431
2060;2;1;+2.468827
2061;2;1;-0.326189
2063;1;1;+0.632114
2064;1;1;+0.786436
2069;2;2;-0.512119
2070;1;2;+0.958609
2071;2;1;+0.000416
2074;2;1;-0.737222
2076;2;2;+1.541683
2078;1;1;-0.895661
2080;1;1;+0.248259
2083;1;2;-0.069513
2084;2;1;-1.036937
2085;1;2;+0.014293
2088;1;2;-0.343232
2089;1;2;-0.846708
2094;1;2;+0.614615
2095;1;1;+0.314004
2096;1;1;-0.750612
2101;2;2;-0.621097
2102;1;1;-0.422623
2105;2;1;+0.601626
2106;1;1;-0.689191
2108;2;2;+0.083938
2111;2;2;-0.208446
2112;2;2;+0.352295
2113;1;1;+0.923151
2115;2;2;+0.450251
2116;2;2;+1.064699
2117;1;1;+0.350961
2119;2;2;+1.680079
2120;2;2;+0.090351
2121;2;2;-0.374707
2122;2;2;+0.529900
2123;2;2;+0.278123
2127;1;2;+0.086593
2128;1;1;+0.253081
2131;1;1;-0.337219
2132;2;2;+0.174110
2134;1;2;-1.672081
2135;2;2;-0.454343
2137;2;2;+0.945005
2138;1;2;+0.490470
2139;2;1;+0.108053
2140;2;1;+0.557279
2142;1;2;-0.492277
2144;1;1;+0.220568
2145;2;1;+1.435195
2147;1;1;+1.609762
2149;2;1;+0.361990
2150;2;1;-1.395297
2158;1;1;+0.655386
2159;2;1;-0.174151
2161;1;1;+0.227733
2162;2;1;-1.641993
2163;1;2;+0.657752
2165;2;1;-0.853749
2166;2;1;+1.323165
2167;1;1;+0.625105
2169;2;1;-0.179128
2170;1;2;-0.043644
2172;2;2;-0.794460
2173;1;1;+1.004629
2174;2;1;-1.773653
2177;1;1;-0.566303
2180;1;1;+0.137714
2181;1;2;+0.443670
2182;2;1;+0.353328
2183;1;2;+0.248354
2184;1;1;-0.052338
2185;2;1;-1.335797
2189;2;2;-0.317731
2190;2;1;-0.306525
2192;2;2;+0.353148
2193;1;2;+1.078742
2196;2;1;+0.600988
2197;1;1;-0.409242
2200;1;1;+1.168672
2201;2;2;+0.113465
2204;2;1;-2.084782
2205;2;1;+0.047383
2206;2;2;+0.414944
2207;2;2;+0.275778
2208;1;1;+1.250493
2209;2;1;-0.494657
2211;1;1;-1.274235
2212;1;1;-0.129858
2213;2;1;-0.741383
2214;2;2;+1.332443
2215;1;1;+0.421127
2217;2;1;-0.288013
2218;2;2;+0.608676
2219;2;1;+2.081245
2220;1;1;+0.163887
2222;1;2;+0.391748
2223;1;2;+0.699425
2224;2;1;-0.539730
2228;2;2;+0.635878
2229;2;1;+0.476960
2230;1;1;+0.766678
2232;2;2;+0.907178
2233;1;1;-0.372638
2235;2;2;+0.030838
2236;1;2;-1.590509
2237;2;1;+0.664970
2239;2;2;-0.062489
2240;1;1;-0.704583
2241;2;1;-0.860766
2242;1;1;+0.604729
2244;2;1;+1.254624
2247;2;1;-0.335214
2248;2;2;+2.891854
2249;1;2;-2.282504
2250;2;2;+0.395131
2251;1;2;+0.420239
2252;2;1;+0.837650
2254;1;1;+0.892464
2255;1;1;+0.000613
2256;2;2;+2.464413
2257;2;1;+1.776329
2259;2;2;+0.438048
2260;1;2;-0.115045
2262;2;1;-0.064200
2263;1;1;+1.078306
2264;1;1;+0.136237
2266;2;1;-0.868552
2268;2;2;-0.734248
2270;1;1;+0.813491
2271;2;1;-1.023597
2273;1;1;-1.048029
2275;1;2;+1.230229
2276;1;1;-0.020136
2279;2;2;-0.070675
2280;2;1;+0.121894
2281;2;2;+0.715334
2282;1;2;+0.769847
2283;1;1;+1.169398
2284;1;1;-0.868830
2285;1;1;-0.872659
2286;2;1;+2.144519
2288;2;1;+0.515794
2290;2;1;+1.117192
2291;2;2;-0.397242
2296;1;2;+0.962802
2300;1;1;-0.621264
2301;2;1;+1.968835
2302;1;2;-0.651356
2303;2;2;+1.168871
2305;1;2;-1.118782
2307;1;1;+0.667668
2308;2;2;-0.445414
2309;2;2;+0.301649
2311;2;2;+0.418817
2312;1;1;-1.329209
2315;1;1;+1.731707
2316;2;1;-0.757977
2317;2;2;+0.850300
2320;2;1;-0.028031
2321;2;1;+0.302772
2322;1;1;-2.733819
2324;1;2;-0.559498
2325;2;2;+1.156346
2327;2;1;+1.343528
2328;2;2;+0.192468
2330;2;1;-1.546808
2332;2;2;-1.082355
2333;1;1;-0.106964
2336;2;1;-1.796694
2337;2;1;+0.670317
2339;1;2;+0.976197
2349;1;1;+1.385693
2351;1;2;+0.898301
2352;2;2;+0.734943
2353;2;2;+1.123005
2355;2;2;+0.133634
2359;1;1;+2.279317
2362;1;2;+0.932634
2363;2;1;+1.295351
2364;1;1;+1.269958
2367;2;2;-1.586294
2370;2;1;+0.259091
2372;2;1;+0.441016
2376;1;1;+1.092878
2379;1;2;+1.978264
2380;2;2;+0.214777
2382;2;1;+1.632337
2383;1;1;-0.100965
2384;1;2;+0.829551
2386;2;1;-0.861853
2389;2;2;+0.222808
2390;2;2;+0.111480
2392;1;1;+0.387711
2393;2;1;-0.149785
2394;1;1;+1.574336
2395;2;2;-0.682480
2396;2;2;+1.591504
2398;2;2;+0.864513
2406;1;2;-0.537052
2409;2;1;-0.770130
2410;2;2;-1.712188
2411;1;2;+0.712802
2413;1;1;+0.293092
2417;1;2;+0.712510
2418;1;1;+0.140414
2419;1;2;-0.813124
2420;2;1;-0.039458
2421;2;2;+1.876458
2422;2;1;-0.330905
2423;2;1;+0.739158
2424;2;2;+1.614877
2427;1;1;+0.597151
2428;1;1;+1.104914
2434;1;2;-2.369570
2435;1;1;-1.222748
2436;1;2;+0.435278
2437;1;2;+1.207708
2438;2;1;+0.766888
2439;2;2;+0.542919
2440;1;2;-0.575859
2441;2;1;-0.454197
2443;2;2;+0.017293
2444;2;2;+0.011401
2445;1;2;+0.789543
2449;1;1;+1.355352
2450;2;1;+0.564188
2452;2;1;+0.324636
2454;1;1;-1.014792
2457;2;1;+0.987021
2458;1;2;+1.195417
2461;1;1;+1.681906
2465;2;1;-0.680667
2467;2;1;+0.134542
2471;1;1;+0.257126
2475;2;1;-0.301371
2476;2;2;+0.531340
2477;1;2;+0.233514
2478;2;2;-0.518728
2479;1;2;+1.744551
2480;1;2;+2.007372
2486;2;2;+0.593753
2488;2;1;-0.855664
2489;2;2;+0.506938
2490;1;2;-0.942105
2491;1;1;+0.399787
2492;1;2;-1.313888
2497;2;2;-0.361609
2498;1;2;+1.670909
2500;1;1;-1.026029
2502;2;2;-0.035683
2503;2;1;+1.047647
2505;2;1;-0.276274
2510;1;2;+1.054174
2511;1;1;+1.001798
2516;1;1;+0.155916
2517;2;2;+0.774865
2518;1;2;+0.794800
2520;1;1;+1.026065
2521;2;1;-0.248452
2524;1;2;+0.020867
2536;1;1;-0.355322
2538;1;2;+0.820227
2540;1;1;+1.337504
2541;2;2;-2.046535
2542;1;1;-0.693435
2543;1;1;+1.593792
2544;1;2;+1.652333
2547;1;1;-1.044179
2550;2;1;+1.960318
2551;2;2;-0.333585
2553;2;2;+0.810448
2556;2;1;-0.602940
2558;2;1;+1.107423
2559;1;2;-1.046068
2560;1;2;+1.229504
2561;2;2;-0.208834
2562;1;2;+1.084872
2564;2;2;+0.034010
2567;2;2;-0.800913
2571;2;1;+1.697593
2573;2;2;+0.520340
2575;1;1;+2.024085
2576;1;2;-0.470671
2577;1;2;+0.021036
2581;2;2;+0.064209
2585;2;2;-0.004962
2588;2;1;-0.160681
2592;2;2;-1.128502
2597;2;2;-1.193745
2599;2;1;+0.113451
2600;1;1;-0.724115
2601;2;2;+2.413605
2602;2;1;-0.703456
2603;2;1;-0.196070
2604;2;1;-1.024531
2608;1;1;+0.559535
2610;1;2;+0.563679
2611;2;2;+0.095849
2613;2;1;-0.076769
2616;1;2;-0.482717
2617;1;2;-1.272198
2618;2;2;+0.543938
2619;1;1;+0.796829
2620;1;1;+0.819305
2622;2;1;-2.815068
2623;2;2;-0.049678
2624;1;1;-0.685074
2627;1;2;+0.286935
2630;2;1;+0.563942
2631;1;2;+0.426224
2632;2;2;+0.709155
2633;1;1;-1.005539
2634;1;2;-0.528285
2635;2;1;+0.529562
2636;2;1;-0.220169
2637;1;2;-0.113442
2639;2;2;+0.613039
2640;1;1;-0.123030
2642;2;2;-2.357467
2643;1;2;-0.374905
2652;2;1;+1.420883
2654;2;1;-1.556871
2655;1;1;-1.109938
2657;1;2;-0.270520
2662;2;1;+1.898691
2663;2;2;-0.256495
2665;1;2;-0.620592
2666;1;1;+0.002334
2667;2;2;-0.490110
2668;1;2;+0.675646
2673;1;2;+0.302401
2674;1;1;+0.279956
2675;2;1;-0.379195
2677;2;2;-0.417479
2678;2;2;-0.226507
2679;2;1;+1.036332
2680;1;2;+1.149412
2681;1;1;+0.813849
2682;2;2;-1.826222
2683;2;1;+0.493646
2684;1;1;+0.596647
2685;2;2;+1.430731
2686;1;1;+1.527044
2690;2;1;-1.814413
2691;1;1;+0.439172
2693;1;2;+1.351119
2695;2;1;-0.262379
2696;1;1;+0.723475
2698;2;1;-0.824181
2699;1;1;+0.009257
2700;1;2;+0.287276
2701;1;1;-0.193238
2702;2;1;+1.438504
2705;1;2;+0.739269
2710;1;1;+0.820208
2711;2;1;-0.285610
2713;1;1;-0.586081
2716;1;2;+1.174703
2717;1;2;-0.159750
2718;2;2;+1.902996
2721;2;2;+0.595876
2722;1;1;+1.336823
2728;2;1;-0.395521
2729;2;2;+1.070592
2730;2;2;+2.196630
2732;1;2;+1.732053
2733;2;2;+2.755049
2734;2;1;+1.892866
2736;1;2;-1.397181
2738;2;1;-0.590901
2742;1;1;+0.571312
2745;2;2;+1.588714
2747;1;2;+0.930275
2748;1;2;+0.907072
2750;1;2;+0.986095
2751;2;1;+0.851953
2753;2;1;+1.067540
2754;1;2;+0.380055
2755;2;2;+1.312224
2757;2;1;+1.163974
2758;2;1;-0.272749
2759;2;2;+1.085562
2762;2;2;-0.339273
2766;1;1;+1.689293
2768;2;2;+1.660912
2769;2;1;-0.077017
2771;1;2;+0.228668
2773;1;2;+0.073164
2775;1;1;+0.576094
2776;1;1;+1.735067
2777;2;1;+1.860666
2778;1;2;+1.173882
2783;1;2;+0.851247
2784;2;1;+0.652947
2785;1;1;+1.309344
2788;2;1;+0.532586
2790;2;1;+0.856100
2791;2;2;+0.699823
2792;1;1;-0.327817
2794;2;1;+0.732142
2796;2;1;-0.611114
2797;2;2;-0.826504
2798;1;1;+0.616271
2799;1;1;+1.458317
2800;2;2;+1.465284
2803;1;2;+0.427185
2804;2;2;+0.699466
2805;1;1;+2.060304
2806;1;2;+1.299212
2810;2;1;+0.358078
2811;1;2;+1.060153
2814;1;2;-0.177416
2818;2;2;-1.199144
2819;1;1;-0.904522
2820;2;1;-0.331348
2821;1;2;-0.251803
2823;2;2;+1.098350
2825;2;2;+1.146356
2826;1;2;+0.763242
2827;2;1;+1.004534
2830;2;2;+0.620040
2831;1;2;+0.669367
2832;1;1;+0.537335
2834;2;2;+0.502249
2838;1;1;+0.026043
2839;2;1;+0.268768
2842;1;2;-0.752911
2843;1;1;+0.117521
2844;2;1;-0.822978
2845;1;1;+0.458140
2846;2;1;+0.083571
2848;2;2;-0.854845
2850;1;2;+1.732968
2852;1;2;-0.205818
2854;1;1;+1.137331
2855;1;2;+1.645278
2856;1;1;+0.203398
2859;2;2;-0.893943
2871;1;1;-0.557159
2872;2;1;-0.563269
2875;1;2;+0.164711
2876;2;1;-1.489337
2878;2;1;+0.939481
2881;1;2;-0.589732
2884;1;2;-0.873902
2890;1;1;+1.162830
2892;1;2;+0.108050
2895;1;2;-0.578257
2899;1;2;-0.279331
2900;1;2;+1.172973
2903;2;1;+0.719054
2904;1;1;+1.841704
2906;2;2;-0.170187
2907;1;1;-0.442265
2910;1;1;-0.220150
2913;2;2;+2.146722
2917;1;2;-0.050318
2920;1;1;-1.155710
2922;1;1;-0.499729
2925;1;2;+0.530797
2929;2;2;+1.336654
2930;1;1;+2.922856
2931;2;1;+0.572443
2932;1;1;+1.450195
2935;2;1;-0.165953
2938;1;1;-0.826083
2939;2;2;+0.075529
2940;2;2;-1.097069
2944;2;2;-0.676566
2947;1;1;+1.784407
2948;1;1;+2.119759
2952;1;1;+0.576705
2953;2;1;+1.491907
2954;1;1;+0.642983
2956;2;1;+2.152854
2957;2;2;+1.106015
2958;1;1;-0.263902
2961;1;2;+0.027872
2969;1;1;+1.836687
2970;2;1;+0.802818
2971;1;2;-0.552054
2972;1;2;+0.191076
2974;1;2;-0.591290
2976;1;1;-0.830116
2977;2;1;+0.773617
2979;1;2;+0.988440
2983;2;2;+1.261707
2984;2;2;+0.386384
2986;1;2;-0.297839
2987;1;2;-0.365809
2989;1;2;-1.282513
2990;2;1;-0.726633
2991;1;1;+1.067211
2993;1;1;-0.616126
2997;1;1;+0.702907
2999;1;1;+0.447837
3000;2;1;+0.798878
3005;1;2;-0.769005
3007;1;1;+2.474932
3008;2;2;+1.014757
3010;2;1;+0.239840
3011;2;1;-0.237788
3014;2;1;+2.077692
3016;2;2;-0.691463
3018;2;2;+3.296777
3019;2;2;+1.395266
3021;1;2;-1.832307
3024;2;1;+0.421914
3025;1;2;-0.488827
3027;1;1;+0.476967
3028;1;2;+2.082814
3030;1;2;+1.321940
3031;1;1;+1.115743
3035;2;1;-2.078488
3036;2;2;-0.906986
3037;1;2;+0.767512
3038;1;2;+2.347558
3040;1;1;+0.693685
3041;1;1;+1.393329
3042;2;1;+0.205979
3045;2;1;+0.268057
3047;1;1;-1.458936
3054;1;1;+0.452216
3057;1;2;+0.912462
3061;1;1;+0.859074
3064;1;1;-0.299278
3068;1;1;+0.247257
3070;1;1;-0.057385
3072;1;2;+0.011117
3075;2;2;+1.479803
3080;2;2;+2.921710
3090;1;2;+0.595939
3092;1;1;+0.215350
3094;2;2;+0.813768
3095;1;2;-0.269264
3097;1;2;+0.431132
3099;2;1;-0.404024
3100;1;1;+0.623745
3101;2;1;+1.017648
3102;2;1;-0.402377
3103;2;2;-1.002529
3105;1;1;+1.171868
3107;1;2;+2.566728
3109;2;1;-0.508033
3110;1;2;+1.144161
3111;2;1;+0.233860
3112;1;1;+0.426168
3116;1;2;+0.320097
3120;1;1;+2.248260
3121;2;1;+0.210115
3122;2;1;+0.850696
3126;2;1;-0.265232
3131;2;2;-0.277070
3132;2;2;+0.160725
3139;2;2;+0.136559
3141;2;1;+0.935268
3143;2;2;+1.735446
3148;1;1;-0.282204
3150;1;1;+0.774662
3153;2;1;-1.355898
3155;2;1;-0.467439
3158;2;2;-1.338023
3159;1;1;-1.192607
3162;1;1;+1.327051
3163;1;2;-0.023091
3167;1;2;-0.664461
3172;2;1;+0.402140
3173;1;2;+0.806415
3174;2;1;+0.368413
3175;1;2;+0.577723
3180;1;1;-0.465812
3182;2;1;+0.165779
3186;2;2;+0.290805
3187;2;1;-0.337573
3188;2;1;+1.340172
3190;1;2;+0.337566
3193;1;1;+0.575621
3194;1;1;+1.726901
3195;2;1;+1.836584
3199;1;1;+0.444088
3200;2;1;+0.391195
3201;1;2;+2.250072
3204;1;2;+0.855773
3205;2;2;+1.406711
3206;2;1;+1.289282
3208;1;2;+0.516647
3209;1;2;+1.004456
3212;2;1;-0.472853
3216;1;1;+0.851431
3217;1;2;-0.244829
3218;1;1;+1.726223
3220;1;2;-1.721554
3225;1;2;+1.161613
3226;2;2;+0.269315
3227;2;2;+1.968310
3229;1;2;+1.418351
3234;2;2;+1.770932
3235;2;2;+0.524969
3237;2;1;-0.210903
3238;1;2;+1.131420
3241;1;1;+0.081734
3242;1;1;+0.276379
3243;2;1;+0.963916
3244;2;1;-1.488188
3245;2;2;+0.020842
3247;2;1;-0.792783
3248;2;2;-1.105289
3249;2;1;-1.740768
3251;1;1;+0.373603
3253;2;1;+1.438036
3257;2;2;+0.942058
3258;2;1;+2.540065
3264;2;2;-0.931112
3265;1;2;-0.366124
3268;1;2;+0.201361
3269;2;2;+1.045482
3270;1;2;+1.363981
3271;2;2;-0.618629
3272;2;2;+0.287195
3274;1;2;-0.321638
3276;2;1;+0.218591
3278;2;1;+0.413790
3280;2;2;+0.028597
3282;1;2;+0.076400
3283;2;2;-0.034072
3284;2;2;-0.173025
3288;2;2;-0.825703
3289;2;1;-0.605452
3291;1;2;+0.073074
3293;2;1;-1.114885
3295;2;2;+1.075679
3296;2;2;+0.164006
3297;2;2;-0.716834
3300;2;1;-1.356019
3301;2;1;+0.582230
3302;1;2;+1.211686
3303;2;2;+0.784530
3305;2;1;+0.520417
3308;1;2;-0.073242
3310;1;1;+0.808472
3313;2;2;-0.225164
3315;2;2;-0.537278
3319;2;1;+0.838052
3320;2;1;+1.491043
3323;2;1;+0.451001
3324;2;2;+0.607279
3326;1;2;+0.799647
3330;2;1;+1.882700
3332;2;2;-0.945454
3334;2;2;-0.908836
3338;2;2;-0.603471
3339;2;1;-1.615303
3340;1;2;+0.677243
3343;2;2;-1.339557
3345;2;2;-0.278924
3347;2;2;+1.919504
3348;2;2;+1.397364
3349;2;1;+0.848132
3350;1;1;+0.555253
3351;1;1;+0.868950
3354;1;1;-0.673347
3356;2;1;-2.258733
3357;2;2;-0.840479
3363;2;2;-0.573859
3365;1;2;+1.112990
3367;1;2;-0.963310
3368;2;1;-0.903677
3371;2;2;+1.199903
3372;2;1;-0.255112
3373;1;1;-1.769158
3374;1;1;+2.383770
3377;1;1;+0.349675
3378;2;1;-1.630495
3379;1;2;+0.080148
3380;2;1;-0.384710
3387;2;2;+1.351681
3389;1;1;+0.095928
3390;2;2;+2.945083
3393;2;1;+0.504369
3394;1;1;+0.486443
3397;2;1;+0.865232
3398;2;1;+1.032287
3399;2;2;-1.252605
3400;2;2;-0.176363
3401;2;2;-0.717820
3407;1;2;+0.465744
3408;2;1;+1.992404
3409;1;2;+0.908130
3411;2;1;+1.325760
3412;1;2;-0.541423
3414;2;2;+0.820268
3415;2;1;+1.111231
3419;2;2;-1.527558
3422;2;2;+1.751700
3423;2;1;+1.167518
3425;1;2;-0.134004
3430;1;1;+0.540005
3432;2;2;+1.706196
3433;1;2;+0.460629
3437;2;2;+0.293136
3438;2;2;-1.021111
3440;1;1;+1.053290
3441;1;1;-0.180655
3442;2;1;-0.186615
3444;2;1;+0.408085
3446;2;1;-0.211756
3450;2;1;-1.288343
3451;2;1;+1.144329
3452;2;1;-0.064138
3454;2;2;+0.879278
3455;1;2;+1.090205
3456;1;2;+1.342015
3458;2;1;+2.029420
3460;2;1;+1.136988
3461;2;1;+0.882375
3464;1;1;+0.196389
3465;2;1;+0.886799
3470;1;1;-0.556623
3472;2;1;-0.658122
3475;1;1;+0.640990
3478;2;2;+0.062540
3479;2;2;-1.511014
3484;1;1;-0.346847
3487;1;1;+0.782410
3488;2;2;-0.405995
3489;1;2;-1.046032
3490;2;2;+0.998602
3494;2;2;-1.721226
3495;1;1;+0.423305
3497;2;1;+0.900660
3498;2;1;+0.624221
3501;1;2;+1.779118
3503;2;1;-0.982400
3507;2;2;+0.259570
3508;1;2;+1.108040
3509;2;1;+0.485513
3510;1;2;+1.476278
3514;2;1;-0.880490
3516;2;1;-0.422195
3517;2;2;-0.199399
3519;2;1;-1.289462
3524;1;2;+1.923184
3525;1;1;+0.063797
3528;1;2;-0.364822
3530;2;2;+0.574938
3533;2;1;+0.012632
3535;1;1;-2.193614
3538;1;1;+0.782661
3543;1;1;+0.213142
3544;1;2;+0.457489
3546;2;1;+0.873341
3550;2;1;-0.094945
3551;2;2;-0.022284
3552;2;2;+0.071683
3556;2;2;+0.299334
3560;1;1;+1.879775
3565;2;2;+0.830009
3569;2;1;+0.690720
3570;1;2;+1.573420
3572;1;2;+1.446966
3573;1;1;+0.181739
3575;2;2;-0.604837
3576;2;2;+1.019791
3578;1;1;+0.575831
3579;2;2;+0.463011
3582;2;1;+1.195404
3584;1;2;-0.185901
3585;1;1;+0.580436
3586;2;1;+0.910477
3587;2;2;-0.476851
3588;2;2;+0.180912
3592;1;2;+0.922266
3593;2;1;+0.115087
3597;2;2;+0.137861
3601;2;2;+2.191962
3603;2;1;+2.023080
3604;1;2;-1.082190
3605;1;1;-0.354632
3606;2;2;+0.552846
3609;1;2;+0.698833
3610;1;1;+0.091530
3614;1;1;+0.594204
3617;1;2;+1.381750
3620;2;2;+1.297867
3622;2;2;+1.971460
3623;1;2;+2.136953
3628;2;1;+1.179263
3630;1;1;+0.529202
3632;2;2;+0.670536
3634;1;1;+0.502982
3635;1;1;-0.222771
3639;1;1;-0.976336
3641;2;2;+0.780114
3644;2;2;+1.021100
3647;1;1;+0.206931
3650;2;1;-0.347339
3651;2;1;+0.798253
3654;1;2;+1.733040
3656;2;1;-0.599774
3657;1;2;+1.648474
3660;2;1;-0.828214
3661;2;2;+2.983570
3662;2;2;+0.021054
3664;2;1;-1.258958
3666;2;1;+0.828243
3669;1;2;-0.114069
3673;1;1;+1.011997
3678;1;1;+0.454145
3679;2;1;+0.788794
3680;1;2;+1.362772
3682;1;2;-0.194861
3684;2;2;+2.022591
3686;1;2;+1.965462
3688;1;2;-0.075884
3689;1;1;+1.055753
3690;1;1;+0.703056
3691;2;1;+0.112320
3692;1;2;+1.528132
3693;1;2;-0.376616
3694;2;1;+0.440625
3697;2;1;+0.229819
3701;1;2;-0.499801
3702;1;1;+0.388272
3703;2;2;-0.316744
3704;2;1;-0.678787
3705;2;2;+1.053207
3708;2;1;+0.633270
3710;1;2;+2.448041
3715;1;2;+0.624870
3717;2;2;+0.123361
3718;1;2;-0.230310
3719;1;2;+0.561806
3720;2;1;+0.824146
3724;1;2;-0.312016
3726;1;2;-0.133780
3729;1;2;-0.925497
3731;2;2;-0.283023
3732;1;2;-0.119105
3738;1;1;-0.458724
3739;1;1;+3.179644
3740;1;1;+0.380853
3741;2;2;+1.533974
3742;1;1;+0.945283
3745;2;2;+0.830551
3746;2;1;-0.625858
3748;2;1;+0.179139
3749;2;2;+0.870723
3752;1;1;-2.686803
3753;2;1;+2.037005
3754;2;2;-0.571405
3755;2;2;+1.520359
3757;2;2;+0.575291
3758;2;1;-0.171727
3759;2;1;+0.438837
3760;1;2;-0.155803
3761;1;1;-0.751972
3762;2;2;+1.441719
3764;1;2;+1.362239
3765;1;2;+1.126074
3766;2;1;+0.102048
3767;2;1;+1.764321
3768;2;2;+0.536999
3769;2;1;+0.555630
3771;1;1;+1.267575
3773;2;1;-0.355285
3775;1;1;+0.723845
3777;2;1;+1.335595
3778;2;1;-0.115718
3779;1;2;+2.144887
3787;2;2;-0.336865
3788;1;2;+0.989377
3789;1;2;-0.630529
3790;1;2;-1.503301
3792;1;1;+0.459539
3795;1;1;+0.718583
3796;1;1;-0.485574
3797;2;1;+0.523351
3799;1;2;+0.764831
3801;2;1;-1.203438
3802;2;2;-0.255998
3803;1;2;-0.139701
3804;1;1;+1.072637
3809;1;1;+1.553411
3816;2;2;+1.712551
3817;2;2;-0.982110
3818;2;2;+0.276483
3821;1;2;-0.118877
3822;1;1;+0.489416
3823;2;1;+1.929681
3824;1;2;-0.138543
3826;1;1;-1.096092
3828;2;1;+0.486544
3830;1;2;+0.638368
3835;2;2;+0.198613
3837;1;2;+1.229695
3839;2;1;+0.281418
3840;2;2;-1.410743
3842;1;1;-0.855908
3843;1;2;+0.532821
3845;2;2;-1.622810
3846;2;2;-0.473664
3850;1;1;-2.371920
3851;1;2;+0.968818
3852;2;1;+0.665073
3854;2;1;-1.604102
3857;2;2;+0.546727
3858;1;2;-1.021423
3859;1;2;+0.407417
3860;1;2;-0.951978
3861;2;1;+2.242437
3862;1;2;+4.056275
3864;2;1;-0.018231
3866;2;1;+0.141058
3867;1;2;+2.286237
3870;2;1;-0.643502
3872;2;2;-0.007673
3873;2;2;+1.183678
3874;2;2;+0.485602
3875;1;2;-1.512063
3876;1;2;+0.402206
3877;2;1;+0.395016
3879;1;1;+0.902292
3880;2;1;-2.489026
3881;2;1;+1.132393
3882;2;1;+0.331335
3884;1;1;+1.061505
3888;2;2;+0.243873
3890;2;2;-0.206653
3893;1;1;+0.185013
3894;2;1;-0.686474
3895;2;2;-1.473571
3896;1;1;+0.837196
3900;1;1;+1.096009
3901;2;1;-0.499284
3902;2;1;+1.116764
3903;1;2;-0.067146
3904;1;1;+0.029295
3905;1;1;+2.608728
3907;2;1;+1.737801
3909;2;1;+1.379181
3910;1;1;+0.606947
3912;2;2;+0.163057
3918;1;2;+0.161742
3922;1;2;+1.660868
3924;1;1;-0.940573
3926;2;2;-0.909759
3927;1;1;-1.960252
3928;2;1;-0.354467
3929;1;2;+0.544745
3930;2;2;+0.026444
3931;2;2;+0.472750
3933;2;2;-0.961933
3934;1;2;-0.096852
3935;2;1;+1.170369
3937;1;2;-1.584457
3938;2;2;-1.920669
3939;2;2;+1.692854
3943;2;2;-0.483140
3944;2;2;-0.568835
3946;1;2;+0.468475
3947;2;1;+1.171069
3948;1;2;+0.850648
3949;2;2;+0.910157
3950;1;2;-1.827139
3953;2;1;+0.368616
3954;2;2;+1.164289
3960;1;1;+2.370170
3962;1;1;+1.662600
3966;1;2;+0.982755
3969;2;1;-0.223172
3970;2;1;+1.068921
3972;1;2;+0.536496
3973;2;1;-1.196658
3974;2;1;-1.339853
3975;1;1;-0.642978
3978;1;1;+0.174512
3979;2;2;+2.117618
3980;1;1;+1.477350
3983;1;1;+0.475213
3984;1;1;+1.177348
3987;2;1;-0.332243
3988;1;1;+1.067097
3989;2;2;+0.615796
3990;2;1;+1.140349
3991;2;1;-0.630030
3994;2;2;-0.271294
3995;1;2;+0.222136
3996;2;1;-0.620270
3998;1;2;-2.008233
3999;2;1;-0.333718
4000;1;2;+0.910863
4002;2;2;+0.203087
4003;2;1;-0.084046
4004;2;1;-0.111020
4006;1;2;+1.425709
4007;2;2;-0.560200
4008;2;1;+0.395831
4011;2;1;+0.970235
4012;1;1;+1.982593
4015;2;2;+0.090491
4016;1;2;-0.220532
4017;1;2;+1.809410
4018;2;2;+1.146753
4021;1;1;-0.172851
4023;2;2;+2.285900
4025;1;2;+0.812999
4026;1;2;+0.584338
4027;2;1;+1.880853
4030;2;1;-0.243220
4031;2;2;+1.410012
4033;1;2;+0.587806
4034;1;1;+0.547653
4035;2;1;+0.124750
4037;2;2;+0.780272
4043;2;1;+1.466411
4047;2;1;-0.848515
4055;1;2;+0.615746
4061;2;1;-0.335009
4062;2;2;+0.125147
4065;2;1;+1.477226
4067;2;1;+0.180437
4071;1;1;+1.814070
4073;1;2;+1.478007
4074;2;1;+1.271960
4076;1;2;+0.409044
4079;1;1;+0.120343
4080;1;1;+0.019894
4089;2;1;+0.386802
4090;2;2;-0.011335
4091;2;1;+0.804968
4092;1;2;+0.420340
4093;2;2;-1.760387
4094;2;1;-0.777427
4100;1;2;-0.363779
4103;1;2;-0.269170
4106;1;1;-0.202918
4108;2;1;-2.452184
4117;1;1;+1.053500
4118;1;2;+2.031749
4120;2;1;-0.778694
4121;2;2;-0.226595
4123;1;2;-0.347048
4125;2;2;+0.692222
4126;2;1;-0.547358
4129;1;1;+0.145996
4130;2;2;+0.758027
4132;2;1;-1.822133
4134;1;1;+1.889562
4143;2;1;+0.774949
4144;2;2;-1.358062
4150;2;1;+0.389805
4151;1;1;+1.370023
4152;1;2;+2.316702
4157;1;1;+0.911418
4164;2;2;+0.537622
4165;1;2;+0.387545
4166;2;1;+0.577506
4167;1;1;+0.980316
4173;2;2;+1.431162
4174;2;1;+0.344985
4175;2;1;+0.018096
4176;2;1;+2.870663
4184;2;1;-1.252297
4188;1;1;+0.529591
4190;1;1;+1.866501
4191;2;2;-0.038606
4192;2;1;+0.986644
4193;2;2;+1.372732
4194;2;2;+1.409756
4196;1;2;-0.066656
4197;1;2;+1.181458
4198;2;1;+1.289740
4199;1;2;-0.194718
4200;2;2;+0.333464
4201;1;2;+1.707655
4202;2;2;-1.359453
4203;1;2;-0.499785
4204;1;1;-0.563060
4206;2;1;-0.003812
4208;1;1;-0.067999
4209;1;1;-0.507606
4210;2;1;-0.788556
4215;2;1;+0.992253
4217;1;1;-0.689044
4219;1;1;-0.122817
4221;1;1;+0.695962
4228;1;2;-0.115268
4230;1;1;+2.602286
4233;2;1;+1.146131
4237;2;2;+0.293441
4238;1;1;-0.316203
4239;1;1;+0.808080
4240;1;2;+0.682575
4241;1;2;-1.742060
4248;1;1;+0.227184
4254;2;1;-2.890662
4255;2;1;-0.239270
4257;1;1;-1.424129
4258;2;1;-0.528275
4260;1;1;+1.624129
4263;2;1;+1.903435
4265;1;1;+0.305745
4266;2;2;-1.054356
4267;1;2;+1.156899
4269;1;1;+0.227170
4272;1;1;-0.857376
4273;1;2;-1.082429
4275;2;1;-0.826948
4277;2;2;+0.912899
4279;1;2;-0.211646
4280;2;1;-0.481724
4283;2;2;+1.935217
4284;2;1;+0.210334
4285;1;2;-0.078497
4287;2;2;+1.394937
4290;1;2;+1.147127
4292;2;1;+1.336347
4294;1;1;+0.134675
4295;1;2;+0.939673
4296;2;1;+0.484128
4299;1;1;-0.712377
4301;1;2;+1.400893
4302;1;1;-0.466127
4305;2;2;+0.086275
4307;1;1;-0.741717
4309;2;1;+1.585210
4316;1;1;-0.953104
4317;1;1;-0.423164
4319;2;2;+1.313204
4320;2;2;+0.740902
4321;2;2;+1.540188
4322;2;1;+0.635968
4325;1;2;-0.566487
4327;1;2;+1.980292
4328;2;2;+0.072849
4329;2;1;+0.859580
4330;1;1;+1.091136
4333;2;1;+0.321531
4335;2;2;+1.012844
4336;1;2;-1.316544
4337;2;2;+1.924331
4339;1;1;+0.405308
4341;2;1;-1.906686
4342;2;2;+0.970506
4347;2;2;-1.020326
4348;2;1;+0.608836
4349;2;1;-0.627422
4352;1;2;-0.277231
4353;1;1;-0.352103
4355;1;1;+1.197756
4357;1;2;+1.384075
4358;2;2;+0.515821
4361;1;1;+0.110686
4362;2;1;+0.332064
4363;2;1;-0.951256
4364;1;2;-0.658302
4366;2;2;-1.126594
4367;1;1;+0.451358
4368;1;2;+0.187062
4371;2;2;+0.189721
4372;1;2;-0.999114
4374;2;1;+1.540492
4378;2;2;+0.590869
4381;1;2;+0.027455
4382;1;1;+1.148771
4384;2;2;+0.723761
4385;1;1;+0.085039
4386;1;2;+1.686086
4389;1;1;+0.977999
4391;2;2;+2.180802
4392;2;1;-0.853043
4393;1;2;+0.651599
4399;1;1;+0.339388
4401;2;2;-0.865854
4402;2;1;-1.089579
4404;2;1;+0.037493
4405;1;1;+1.001004
4407;2;1;+0.853457
4408;2;1;+1.914212
4409;1;1;+1.037224
4410;1;1;-0.111399
4411;2;1;+0.078422
4412;1;2;+1.023906
4417;1;2;-1.383925
4418;1;1;-0.777002
4419;2;2;+0.356816
4420;2;2;+0.334056
4421;2;1;+0.140727
4422;1;2;+0.796181
4425;1;2;-0.193590
4426;1;1;+1.301230
4427;2;1;-0.322171
4428;1;1;+1.011794
4429;1;1;+0.470747
4430;2;2;+2.905048
4431;2;1;+0.114220
4435;1;1;+0.000850
4437;2;1;-0.434064
4438;1;1;-0.193098
4439;2;2;-0.827479
4440;1;2;-0.195545
4442;2;1;+0.532267
4444;1;1;+2.041021
4445;2;2;+1.469563
4446;2;2;-0.662847
4447;2;2;-0.239770
4448;2;1;+1.442873
4449;2;2;+0.393211
4450;1;1;+0.398177
4451;1;1;+1.585289
4452;1;1;-0.125379
4458;1;1;+0.691091
4459;2;1;-0.228927
4460;1;2;+1.843481
4462;2;2;+0.376471
4463;1;1;-0.481236
4464;2;1;-0.218057
4466;2;2;+0.234204
4467;2;2;+1.270804
4468;1;1;+1.272495
4470;1;2;+0.834670
4471;1;1;+0.372033
4472;2;2;+1.165203
4473;1;1;+0.146898
4474;2;2;+1.597440
4476;1;2;+1.450672
4480;2;1;-0.153371
4481;2;1;+0.589800
4482;1;1;-0.924195
4485;1;2;+1.116262
4486;2;2;+2.331544
4489;2;2;+0.753737
4491;2;1;+0.608556
4494;1;2;-0.180676
4495;1;1;-0.579747
4496;2;1;+0.954955
4498;2;2;-0.605608
4499;1;2;+1.832842
4501;2;1;+0.337221
4502;1;2;+1.350405
4504;2;2;+0.943224
4505;1;1;+0.465182
4506;2;1;+1.672802
4507;2;2;-2.054673
4512;1;1;+0.826661
4513;1;1;+0.774751
4518;1;1;+0.946566
4519;2;1;+1.587603
4520;2;2;-0.176530
4521;1;1;+1.270737
4522;2;2;+0.926719
4525;2;2;+0.809937
4527;1;1;-0.698634
4530;1;2;+2.152089
4531;2;2;+0.107242
4532;2;2;+0.250207
4537;2;2;-0.519170
4538;1;2;+0.543141
4539;2;2;+0.931511
4542;2;1;+1.033631
4544;1;1;+0.533976
4545;2;1;+0.972858
4549;1;2;+2.729672
4551;1;1;+0.786625
4553;1;1;+0.649929
4554;1;1;-0.704048
4555;1;1;+0.567143
4556;2;1;+0.680678
4558;1;2;+2.073159
4561;1;2;+1.198438
4562;1;2;+0.533758
4564;2;1;+0.459082
4565;1;1;-0.390218
4567;2;1;-0.456126
4568;1;1;+0.395947
4569;2;2;-1.112913
4571;1;1;+0.175858
4573;1;2;-0.061052
4574;2;2;+0.810419
4575;1;2;+1.411313
4576;1;1;+0.135961
4578;1;1;-0.389600
4580;1;1;-0.816099
4585;1;1;-1.277302
4586;1;2;+2.477248
4588;2;2;+1.403267
4590;1;1;-0.578278
4592;1;1;+0.286485
4594;1;1;-1.141901
4595;1;2;-0.081072
4596;1;2;-0.683842
4597;1;1;+0.739449
4598;2;1;-0.102548
4600;2;2;-0.750182
4601;1;2;+0.660166
4603;1;2;-1.726023
4604;2;2;+2.119916
4605;1;2;+0.600876
4607;2;1;-0.213152
4609;1;1;-0.241470
4613;1;2;+0.386197
4614;2;2;+0.570422
4615;2;1;+1.502250
4618;1;2;+1.008689
4620;1;1;+2.089440
4621;2;2;+0.626352
4622;2;2;-1.046369
4623;2;1;+1.062486
4624;2;1;-0.671499
4626;2;2;+0.257381
4628;1;1;+1.988715
4630;1;2;+1.714444
4638;1;1;+0.798190
4643;2;1;-0.565458
4646;1;2;+0.751644
4647;1;1;+0.068214
4648;2;2;+0.725783
4649;2;2;-0.689065
4651;2;2;-0.968424
4655;1;2;+0.472522
4656;2;1;+0.785523
4658;1;2;-0.998463
4659;1;1;+0.524735
4660;1;1;-1.272725
4661;2;1;-1.063564
4662;1;1;+0.681593
4663;1;1;+1.843970
4665;1;2;-0.529841
4666;2;1;-0.740993
4672;2;1;+1.150799
4674;1;2;-0.482649
4675;1;1;+0.639254
4678;2;1;-0.380734
4679;1;1;+0.250683
4682;1;2;+2.117041
4683;2;1;-0.916084
4684;1;2;+0.274469
4688;1;2;+2.232624
4689;2;2;+1.052385
4690;2;2;-0.758516
4692;1;2;-0.248687
4693;2;1;+1.071734
4695;2;1;+1.890749
4696;2;2;-1.698008
4700;1;1;+1.745515
4701;2;2;+2.580723
4704;1;1;-1.585952
4706;1;1;+0.807418
4708;1;1;+1.915447
4709;1;2;-0.348781
4712;2;2;+2.422333
4714;2;2;+0.165236
4718;2;1;+0.817384
4721;2;1;+1.306410
4722;1;2;-0.660994
4723;1;1;-0.661859
4725;1;2;-0.241479
4728;1;2;+1.902741
4729;1;1;+1.120190
4730;1;1;+0.808248
4731;2;1;+0.524667
4732;2;2;-0.350984
4733;2;1;+2.145574
4734;1;2;+0.771692
4738;2;2;-1.538580
4739;1;1;+0.653828
4741;2;1;+1.911038
4746;1;1;+1.248370
4747;1;1;+1.049452
4748;1;2;+1.034335
4751;2;1;-0.909686
4752;2;2;+1.821329
4754;1;1;+0.480598
4755;1;2;-0.601852
4756;1;2;+0.472570
4757;1;2;+0.067068
4758;2;1;+0.866816
4759;1;1;+1.929344
4763;2;1;+1.953627
4767;1;2;-1.120783
4768;2;1;+0.472022
4773;2;1;+0.872466
4776;1;1;-0.037341
4778;1;1;+1.086671
4779;2;2;+0.846886
4781;1;2;-0.606248
4782;2;2;+0.767032
4783;2;2;+0.321648
4784;1;1;+1.158122
4787;1;2;+1.487291
4789;1;2;-0.059305
4791;1;1;-0.401670
4792;1;2;+0.102501
4794;1;1;+0.580210
4795;2;2;+0.594757
4796;1;1;+1.144287
4799;2;2;+1.699106
4800;1;2;-0.082021
4801;2;1;+0.584667
4802;2;1;+0.961222
4804;1;2;+1.380277
4805;2;1;-0.161900
4806;1;1;+1.625915
4808;1;1;+0.665238
4812;1;2;-0.356937
4814;1;2;+0.952389
4815;2;2;+1.152617
4816;1;2;-0.529858
4817;1;1;+1.036871
4818;1;2;-0.596167
4820;1;1;-0.157150
4821;2;1;-0.034636
4824;2;2;-0.621317
4825;2;2;+1.186332
4826;1;1;+0.395705
4827;2;2;+0.654659
4828;1;2;-1.819951
4830;1;1;+0.153366
4831;1;2;+0.437366
4832;1;1;+1.261973
4834;2;1;+2.112863
4835;1;1;-0.456434
4836;2;2;+0.093835
4839;2;1;+1.427484
4840;2;1;-0.897507
4844;1;1;+0.311206
4845;1;2;+0.871290
4846;1;2;+0.207666
4850;1;2;+0.376757
4851;2;2;+0.245144
4852;1;2;-0.292345
4854;1;1;-0.496016
4855;1;1;+0.528367
4859;1;2;+0.502415
4861;1;1;-0.192291
4862;1;1;+1.386297
4864;1;1;+0.332844
4866;2;2;+1.516900
4869;1;2;+0.775533
4870;2;2;+0.125631
4873;2;1;+0.365175
4875;2;2;+1.031444
4876;1;2;+1.908333
4877;1;2;+0.694432
4878;2;2;+0.371377
4882;2;1;+1.142990
4883;1;2;+1.025549
4885;2;2;+1.494207
4886;2;1;+1.150655
4887;2;1;+0.798906
4889;1;1;-0.240425
4890;2;1;+0.819543
4893;1;2;+0.581160
4894;1;1;+0.671553
4895;1;2;+1.582114
4896;2;2;+0.624041
4898;1;2;+0.733858
4901;2;1;+2.011977
4905;1;2;+0.948973
4906;1;1;+0.580963
4912;2;1;+0.543959
4913;1;1;+0.754174
4914;1;2;-0.099876
4915;1;2;+0.006223
4917;2;2;-0.652553
4918;2;2;+1.408222
4922;2;2;+0.594413
4923;2;1;+2.422263
4924;2;2;+0.004589
4927;1;2;+0.927573
4928;1;1;+2.306616
4930;1;2;+0.876205
4931;1;2;+1.853841
4932;1;2;+0.160059
4936;2;1;+0.668504
4939;2;1;+1.152347
4940;1;1;+0.230836
4942;1;2;+0.284013
4946;2;1;-0.468765
4948;1;1;-2.141201
4949;2;2;+0.569762
4955;1;1;+0.056257
4956;1;1;-0.810903
4958;2;2;-0.715499
4961;1;2;+1.295734
4965;1;2;+0.847031
4968;1;2;+0.472562
4969;2;1;+0.423057
4970;2;1;-0.202971
4971;1;2;+1.661933
4972;2;2;-1.960266
4973;1;1;+0.546030
4975;1;2;+1.557832
4976;1;1;-0.777068
4978;2;2;+0.549359
4979;1;2;+0.114902
4983;2;2;-0.388410
4986;1;2;+2.654682
4987;1;2;+1.170536
4991;1;1;-1.445122
4992;1;2;+0.561998
4994;2;1;+0.282258
